epoch,time,train/box_loss,train/cls_loss,train/dfl_loss,metrics/precision(B),metrics/recall(B),metrics/mAP50(B),metrics/mAP50-95(B),val/box_loss,val/cls_loss,val/dfl_loss,lr/pg0,lr/pg1,lr/pg2
1,54.5767,3.34342,4.26269,2.58883,0,0,0,0,3.66648,4.16627,2.60604,2.5e-05,2.5e-05,2.5e-05
2,80.8682,3.16366,4.19764,2.47064,0.00045,0.02778,0.00139,0.00028,3.56168,4.13963,2.54199,6.21906e-05,6.21906e-05,6.21906e-05
3,107.856,3.16882,4.17728,2.42417,0.00282,0.08712,0.00243,0.00059,3.44251,4.10474,2.43386,9.901e-05,9.901e-05,9.901e-05
4,139.574,2.98526,4.13386,2.26138,0.00339,0.17045,0.0412,0.01526,3.23496,4.06705,2.34653,0.000135458,0.000135458,0.000135458
5,168.585,3.16823,4.04719,2.2373,0.00494,0.26613,0.15888,0.05631,3.02791,4.03132,2.22576,0.000171535,0.000171535,0.000171535
6,197.902,2.84191,3.92008,2.06699,0.00471,0.25996,0.18604,0.08108,2.98917,3.9863,2.17152,0.000207241,0.000207241,0.000207241
7,227.21,2.81791,3.82972,2.04386,0.00839,0.33067,0.18395,0.07669,3.02194,3.98908,2.19012,0.000242575,0.000242575,0.000242575
8,255.781,2.87692,3.75298,2.00744,0.00663,0.30149,0.20554,0.08878,3.03135,3.98809,2.19463,0.000277538,0.000277538,0.000277538
9,285.52,2.78526,3.66754,1.92241,0.00657,0.29293,0.21424,0.10241,3.11823,3.98081,2.28009,0.00031213,0.00031213,0.00031213
10,312.502,2.75506,3.57161,1.89134,0.00648,0.29293,0.21546,0.09333,3.12972,3.97223,2.30505,0.000346351,0.000346351,0.000346351
11,342.79,2.68848,3.41783,1.89677,0.00953,0.33586,0.21346,0.06472,3.24613,3.90047,2.43301,0.0003802,0.0003802,0.0003802
12,373.048,2.78375,3.31776,1.85202,0.0104,0.34343,0.155,0.04752,3.26522,3.88148,2.45044,0.000413678,0.000413678,0.000413678
13,401.356,2.71131,3.35869,1.85133,0.00828,0.33207,0.20823,0.0484,3.25738,3.80385,2.34662,0.000446785,0.000446785,0.000446785
14,428.629,2.54969,3.08956,1.73627,0.00798,0.28409,0.18724,0.05354,3.27321,3.77081,2.29523,0.000479521,0.000479521,0.000479521
15,458.172,2.58872,3.12988,1.80625,0.00883,0.34343,0.15539,0.05465,3.27397,3.72079,2.22046,0.000511885,0.000511885,0.000511885
16,485.525,2.64379,3.05041,1.82439,0.00823,0.31566,0.16442,0.0689,3.28692,3.71392,2.23321,0.000543878,0.000543878,0.000543878
17,516.733,2.57695,2.87325,1.78591,0.00871,0.31566,0.19747,0.07485,3.38261,3.71871,2.19314,0.0005755,0.0005755,0.0005755
18,547.29,2.69308,2.8873,1.86785,0.00752,0.30429,0.20745,0.08072,3.26972,3.67475,2.11112,0.000606751,0.000606751,0.000606751
19,582.915,2.59464,2.80193,1.80174,0.00666,0.24874,0.14102,0.06367,3.3134,3.66968,2.16204,0.00063763,0.00063763,0.00063763
20,610.759,2.62032,2.77787,1.78779,0.00732,0.23232,0.12886,0.05502,3.26615,3.57993,2.12294,0.000668138,0.000668138,0.000668138
21,642.384,2.44295,2.49338,1.69182,0.00955,0.30682,0.20539,0.06444,3.24022,3.47454,2.11783,0.000698275,0.000698275,0.000698275
22,672.123,2.50539,2.51896,1.7146,0.01466,0.39955,0.21928,0.08066,3.05325,3.39944,2.07176,0.000728041,0.000728041,0.000728041
23,704.352,2.59851,2.51098,1.70804,0.01666,0.41428,0.23419,0.09524,3.08652,3.31355,2.13943,0.000757435,0.000757435,0.000757435
24,729.113,2.49265,2.38139,1.69687,0.02239,0.46479,0.25467,0.0953,2.93792,3.25636,2.08886,0.000786458,0.000786458,0.000786458
25,757.92,2.46912,2.31506,1.66565,0.02513,0.48681,0.21731,0.06018,2.84157,3.28687,2.0656,0.00081511,0.00081511,0.00081511
26,783.993,2.44488,2.30675,1.6947,0.42818,0.21691,0.22548,0.06017,2.8512,3.23549,2.11873,0.000843391,0.000843391,0.000843391
27,807.903,2.35917,2.27717,1.70878,0.03087,0.55191,0.23637,0.06668,2.87745,3.22462,2.16716,0.0008713,0.0008713,0.0008713
28,835.992,2.58829,2.30836,1.73743,0.03802,0.55093,0.23705,0.088,2.89315,3.13578,2.15176,0.000898838,0.000898838,0.000898838
29,863.768,2.47326,2.1913,1.7316,0.03802,0.55093,0.23705,0.088,2.89315,3.13578,2.15176,0.000926005,0.000926005,0.000926005
30,890.955,2.49761,2.19182,1.63934,0.1864,0.47517,0.25556,0.09704,2.94203,2.96162,2.13362,0.000952801,0.000952801,0.000952801
31,915.958,2.42429,2.16673,1.55356,0.55885,0.19949,0.22654,0.0826,2.96338,2.92153,2.12907,0.000979225,0.000979225,0.000979225
32,943.686,2.39185,2.06422,1.57527,0.52255,0.25616,0.24692,0.08068,2.97598,2.85233,2.14772,0.00100528,0.00100528,0.00100528
33,974.249,2.46754,2.09036,1.63095,0.52255,0.25616,0.24692,0.08068,2.97598,2.85233,2.14772,0.00103096,0.00103096,0.00103096
34,1001.03,2.44321,2.0634,1.66882,0.45324,0.27841,0.26724,0.0915,2.90314,2.76597,2.10019,0.00104581,0.00104581,0.00104581
35,1025.69,2.29266,2.09263,1.5998,0.43128,0.22587,0.27327,0.10078,2.89187,2.68269,2.09916,0.00103962,0.00103962,0.00103962
36,1053.63,2.31612,1.9772,1.58306,0.48396,0.28143,0.32318,0.11489,2.8845,2.7436,2.08171,0.00103344,0.00103344,0.00103344
37,1083.29,2.41866,1.95112,1.58609,0.48396,0.28143,0.32318,0.11489,2.8845,2.7436,2.08171,0.00102725,0.00102725,0.00102725
38,1108.9,2.3208,1.90816,1.58806,0.51062,0.33193,0.34979,0.11357,2.99766,3.09909,2.14156,0.00102106,0.00102106,0.00102106
39,1135.51,2.31338,2.02819,1.611,0.38994,0.289,0.33896,0.12046,2.99936,3.12288,2.08152,0.00101488,0.00101488,0.00101488
40,1164.39,2.30557,2.01863,1.62471,0.19783,0.37738,0.25105,0.10359,3.03775,2.95135,2.04795,0.00100869,0.00100869,0.00100869
41,1194.61,2.22263,1.94036,1.5763,0.19783,0.37738,0.25105,0.10359,3.03775,2.95135,2.04795,0.0010025,0.0010025,0.0010025
42,1222.95,2.25119,1.96467,1.61038,0.2539,0.38114,0.25765,0.11656,2.86665,2.71513,1.97132,0.000996313,0.000996313,0.000996313
43,1255.17,2.29067,1.94345,1.60426,0.30159,0.40306,0.2913,0.11808,2.80031,2.57373,1.92767,0.000990125,0.000990125,0.000990125
44,1284.89,2.14931,1.89352,1.532,0.35645,0.39957,0.32871,0.12207,2.81196,2.43122,1.95308,0.000983938,0.000983938,0.000983938
45,1330.77,2.24456,1.89735,1.56261,0.35645,0.39957,0.32871,0.12207,2.81196,2.43122,1.95308,0.00097775,0.00097775,0.00097775
46,1362.98,2.18328,1.86189,1.58584,0.35825,0.43406,0.38629,0.12588,2.85119,2.36497,1.98592,0.000971562,0.000971562,0.000971562
47,1391.51,2.3246,1.88027,1.58769,0.40803,0.41964,0.40195,0.13513,2.83027,2.3669,1.98306,0.000965375,0.000965375,0.000965375
48,1422.39,2.19964,1.82314,1.54907,0.41228,0.38257,0.41096,0.14991,2.82805,2.38574,1.94171,0.000959187,0.000959187,0.000959187
49,1451.12,2.16904,1.78824,1.49937,0.41228,0.38257,0.41096,0.14991,2.82805,2.38574,1.94171,0.000953,0.000953,0.000953
50,1481.05,2.16228,1.82358,1.5023,0.4558,0.35273,0.38912,0.15077,2.81431,2.44936,1.92476,0.000946812,0.000946812,0.000946812
51,1508.83,2.16748,1.83101,1.52499,0.51519,0.3109,0.3884,0.14389,2.84784,2.62304,1.97956,0.000940625,0.000940625,0.000940625
52,1541.18,2.11893,1.76409,1.47896,0.48908,0.35712,0.38517,0.13168,2.86311,2.9266,2.06912,0.000934438,0.000934438,0.000934438
53,1572.76,2.18386,1.80074,1.51726,0.48908,0.35712,0.38517,0.13168,2.86311,2.9266,2.06912,0.00092825,0.00092825,0.00092825
54,1602.96,2.09908,1.68574,1.43262,0.48559,0.36532,0.38722,0.12583,2.89147,2.78204,2.06382,0.000922063,0.000922063,0.000922063
55,1638.35,2.15412,1.71535,1.48736,0.39331,0.31321,0.31794,0.14487,2.86084,2.61252,1.99736,0.000915875,0.000915875,0.000915875
56,1668.57,2.06975,1.75899,1.47169,0.31469,0.3931,0.31061,0.14344,2.83728,2.4692,1.94815,0.000909688,0.000909688,0.000909688
57,1700.49,2.16127,1.79159,1.47894,0.31469,0.3931,0.31061,0.14344,2.83728,2.4692,1.94815,0.0009035,0.0009035,0.0009035
58,1729.78,2.09748,1.73212,1.46471,0.3566,0.33712,0.32202,0.13149,2.83866,2.45211,1.99006,0.000897313,0.000897313,0.000897313
59,1763.19,2.02785,1.70974,1.47229,0.343,0.40137,0.38238,0.13174,2.80662,2.4142,2.00481,0.000891125,0.000891125,0.000891125
60,1796.7,2.03823,1.72404,1.42847,0.26046,0.34246,0.30739,0.13087,2.85941,2.44313,2.03159,0.000884938,0.000884938,0.000884938
61,1826.01,1.96847,1.66325,1.44029,0.26046,0.34246,0.30739,0.13087,2.85941,2.44313,2.03159,0.00087875,0.00087875,0.00087875
62,1867.03,1.98325,1.72977,1.47249,0.28404,0.32099,0.31978,0.14405,2.89491,2.47745,2.05956,0.000872563,0.000872563,0.000872563
63,1901.89,1.96106,1.61835,1.4107,0.32773,0.45735,0.38208,0.1597,2.83941,2.37093,2.03354,0.000866375,0.000866375,0.000866375
64,1936.45,2.01913,1.71029,1.47373,0.40784,0.47872,0.41904,0.15797,2.82451,2.32344,2.03313,0.000860188,0.000860188,0.000860188
65,1965.02,1.96455,1.68771,1.42575,0.40784,0.47872,0.41904,0.15797,2.82451,2.32344,2.03313,0.000854,0.000854,0.000854
66,1993.31,2.15214,1.79374,1.57253,0.41922,0.42915,0.40239,0.1465,2.76336,2.31796,1.98262,0.000847813,0.000847813,0.000847813
67,2021.64,2.16257,1.7561,1.50887,0.37073,0.48054,0.35123,0.14125,2.77705,2.45065,1.95466,0.000841625,0.000841625,0.000841625
68,2050.54,1.92353,1.65192,1.38463,0.376,0.42284,0.33923,0.13813,2.84833,2.45797,1.97393,0.000835438,0.000835438,0.000835438
69,2080.7,2.00027,1.65332,1.40517,0.376,0.42284,0.33923,0.13813,2.84833,2.45797,1.97393,0.00082925,0.00082925,0.00082925
70,2107.91,2.0425,1.78607,1.46446,0.42152,0.46184,0.38291,0.16136,2.84395,2.36235,1.98974,0.000823063,0.000823063,0.000823063
71,2135.5,1.9724,1.62463,1.42243,0.45245,0.48586,0.44361,0.17199,2.79463,2.2938,2.02514,0.000816875,0.000816875,0.000816875
72,2164.81,1.98343,1.6897,1.46961,0.43506,0.48087,0.43669,0.16744,2.76486,2.2601,2.06424,0.000810688,0.000810688,0.000810688
73,2191.42,2.09088,1.68739,1.44896,0.43506,0.48087,0.43669,0.16744,2.76486,2.2601,2.06424,0.0008045,0.0008045,0.0008045
74,2217.16,1.98162,1.6494,1.38868,0.39817,0.45805,0.42049,0.15119,2.79133,2.31117,2.10641,0.000798313,0.000798313,0.000798313
75,2242.57,2.08824,1.70832,1.52738,0.39705,0.4429,0.42741,0.14212,2.79427,2.25377,2.09603,0.000792125,0.000792125,0.000792125
76,2267.03,1.93709,1.64956,1.42487,0.45018,0.49098,0.46118,0.15606,2.78785,2.18154,2.1015,0.000785938,0.000785938,0.000785938
77,2293.6,1.95608,1.5976,1.37558,0.45018,0.49098,0.46118,0.15606,2.78785,2.18154,2.1015,0.00077975,0.00077975,0.00077975
78,2321.23,1.8795,1.52266,1.3659,0.46857,0.47166,0.46566,0.15619,2.77436,2.14475,2.07458,0.000773563,0.000773563,0.000773563
79,2349.23,1.96913,1.58378,1.38754,0.34919,0.48158,0.3998,0.1308,2.86636,2.23283,2.11364,0.000767375,0.000767375,0.000767375
80,2383.3,1.9716,1.5658,1.35989,0.42438,0.36602,0.36133,0.12355,2.89904,2.2624,2.12836,0.000761188,0.000761188,0.000761188
81,2411.98,1.85152,1.50758,1.32337,0.42438,0.36602,0.36133,0.12355,2.89904,2.2624,2.12836,0.000755,0.000755,0.000755
82,2441.93,1.90235,1.54939,1.34758,0.38246,0.37767,0.38554,0.13622,2.87625,2.26068,2.14417,0.000748813,0.000748813,0.000748813
83,2472.69,1.89886,1.50889,1.34643,0.59717,0.41021,0.43599,0.14364,2.83881,2.1991,2.1143,0.000742625,0.000742625,0.000742625
84,2501.69,1.9746,1.55593,1.40373,0.59747,0.44518,0.46384,0.1442,2.82918,2.18968,2.09532,0.000736438,0.000736438,0.000736438
85,2529.5,1.83984,1.56199,1.35898,0.59747,0.44518,0.46384,0.1442,2.82918,2.18968,2.09532,0.00073025,0.00073025,0.00073025
86,2554.47,1.90222,1.53777,1.37622,0.45327,0.40781,0.38519,0.11477,2.84676,2.26061,2.06437,0.000724062,0.000724062,0.000724062
87,2586.21,1.85627,1.48489,1.3583,0.41875,0.35023,0.30245,0.08456,2.91444,2.25197,2.08185,0.000717875,0.000717875,0.000717875
88,2622.44,1.77786,1.47266,1.3075,0.44533,0.33578,0.32594,0.08856,2.91411,2.20767,2.04618,0.000711687,0.000711687,0.000711687
89,2651.94,1.80908,1.46022,1.34964,0.44533,0.33578,0.32594,0.08856,2.91411,2.20767,2.04618,0.0007055,0.0007055,0.0007055
90,2684.05,1.81041,1.4954,1.3193,0.53175,0.42326,0.4692,0.13999,2.83798,2.18285,2.00191,0.000699312,0.000699312,0.000699312
91,2716.98,1.78155,1.42894,1.30073,0.4256,0.50154,0.46914,0.16084,2.81448,2.17702,2.00209,0.000693125,0.000693125,0.000693125
92,2752.84,1.8209,1.46675,1.35673,0.49437,0.47838,0.48535,0.15289,2.80987,2.17548,1.98432,0.000686937,0.000686937,0.000686937
93,2782.23,1.80212,1.47999,1.32897,0.49437,0.47838,0.48535,0.15289,2.80987,2.17548,1.98432,0.00068075,0.00068075,0.00068075
94,2813.42,1.84654,1.46839,1.31848,0.44449,0.48204,0.42882,0.13239,2.82349,2.17637,2.00503,0.000674562,0.000674562,0.000674562
95,2840.96,1.99013,1.54847,1.3821,0.39344,0.44909,0.42479,0.12484,2.85973,2.20051,2.02051,0.000668375,0.000668375,0.000668375
96,2866.34,1.89403,1.49713,1.40852,0.54068,0.36493,0.43297,0.14182,2.86035,2.18012,1.97265,0.000662188,0.000662188,0.000662188
97,2897,1.83492,1.48361,1.32952,0.54068,0.36493,0.43297,0.14182,2.86035,2.18012,1.97265,0.000656,0.000656,0.000656
98,2925.21,1.90068,1.47151,1.34056,0.44596,0.40712,0.41803,0.14971,2.82541,2.1683,1.9687,0.000649813,0.000649813,0.000649813
99,2950.16,1.84339,1.47483,1.331,0.36755,0.47116,0.40655,0.15804,2.79325,2.13009,1.97642,0.000643625,0.000643625,0.000643625
100,2977.28,1.77394,1.44276,1.32821,0.35952,0.50575,0.42026,0.16254,2.80695,2.08526,1.98441,0.000637437,0.000637437,0.000637437
101,3002.88,1.71779,1.39502,1.29169,0.35952,0.50575,0.42026,0.16254,2.80695,2.08526,1.98441,0.00063125,0.00063125,0.00063125
102,3029.47,1.77581,1.42788,1.30487,0.41557,0.45367,0.4263,0.1515,2.8304,2.09069,1.98711,0.000625062,0.000625062,0.000625062
103,3060.9,1.81583,1.41688,1.27025,0.38199,0.48611,0.4175,0.14327,2.90413,2.1015,2.02523,0.000618875,0.000618875,0.000618875
104,3085.97,1.76898,1.38962,1.25038,0.417,0.43939,0.38998,0.13473,2.88904,2.09578,2.00815,0.000612687,0.000612687,0.000612687
105,3113.47,1.87936,1.46471,1.34362,0.417,0.43939,0.38998,0.13473,2.88904,2.09578,2.00815,0.0006065,0.0006065,0.0006065
106,3139.23,1.7362,1.41082,1.25405,0.47172,0.45076,0.41177,0.13523,2.85706,2.09239,2.00434,0.000600313,0.000600313,0.000600313
107,3163.72,1.7472,1.3951,1.27301,0.46757,0.46815,0.42924,0.13857,2.86332,2.12383,2.02259,0.000594125,0.000594125,0.000594125
108,3188.27,1.81383,1.44745,1.32698,0.47159,0.4625,0.39825,0.12849,2.89884,2.13876,2.03172,0.000587938,0.000587938,0.000587938
109,3212.64,1.72726,1.41161,1.27918,0.47159,0.4625,0.39825,0.12849,2.89884,2.13876,2.03172,0.00058175,0.00058175,0.00058175
110,3239.7,1.84294,1.45308,1.29153,0.41066,0.41916,0.37087,0.14113,2.943,2.14379,2.04815,0.000575563,0.000575563,0.000575563
111,3266.62,1.72158,1.4161,1.28942,0.54854,0.41947,0.42156,0.15618,2.9427,2.12042,2.03854,0.000569375,0.000569375,0.000569375
112,3299.59,1.72146,1.33256,1.23481,0.40402,0.53372,0.44557,0.14828,2.8782,2.08377,1.96707,0.000563187,0.000563187,0.000563187
113,3325.67,1.73761,1.40083,1.28244,0.40402,0.53372,0.44557,0.14828,2.8782,2.08377,1.96707,0.000557,0.000557,0.000557
114,3360.94,1.70533,1.31098,1.23528,0.4136,0.53185,0.44001,0.13882,2.82271,2.06519,1.95334,0.000550813,0.000550813,0.000550813
115,3392.67,1.72183,1.33353,1.25842,0.38872,0.48415,0.3899,0.12739,2.84861,2.08248,1.99734,0.000544625,0.000544625,0.000544625
116,3424.57,1.61805,1.29361,1.24307,0.38943,0.45556,0.40141,0.12574,2.91915,2.10042,2.0608,0.000538438,0.000538438,0.000538438
117,3450.1,1.65568,1.35557,1.27582,0.38943,0.45556,0.40141,0.12574,2.91915,2.10042,2.0608,0.00053225,0.00053225,0.00053225
118,3480.37,1.66667,1.24907,1.21369,0.41307,0.3966,0.34913,0.11721,2.93952,2.1488,2.09897,0.000526063,0.000526063,0.000526063
119,3509.19,1.65867,1.28586,1.24033,0.4475,0.41874,0.39093,0.14339,2.91293,2.13668,2.07918,0.000519875,0.000519875,0.000519875
120,3537.96,1.78325,1.47303,1.31696,0.59402,0.41646,0.44599,0.16156,2.87727,2.0894,2.04194,0.000513688,0.000513688,0.000513688
121,3566.05,1.77862,1.37004,1.27157,0.59402,0.41646,0.44599,0.16156,2.87727,2.0894,2.04194,0.0005075,0.0005075,0.0005075
122,3593.81,1.64199,1.31947,1.25743,0.56457,0.42635,0.46802,0.16656,2.8038,2.05892,2.01785,0.000501313,0.000501313,0.000501313
123,3623.25,1.75696,1.39577,1.2922,0.49238,0.44298,0.45096,0.14816,2.81359,2.05586,2.04964,0.000495125,0.000495125,0.000495125
124,3659.12,1.71144,1.30557,1.22369,0.53093,0.42985,0.44168,0.12707,2.86344,2.04116,2.08728,0.000488938,0.000488938,0.000488938
125,3684.46,1.54898,1.26411,1.22646,0.53093,0.42985,0.44168,0.12707,2.86344,2.04116,2.08728,0.00048275,0.00048275,0.00048275
126,3712.18,1.73784,1.30226,1.22032,0.47179,0.46254,0.44027,0.13201,2.8998,2.0601,2.10729,0.000476562,0.000476562,0.000476562
127,3744.13,1.51255,1.24123,1.18606,0.47066,0.52806,0.44387,0.14563,2.88516,2.06225,2.0886,0.000470375,0.000470375,0.000470375
128,3773.36,1.78442,1.35426,1.23367,0.5152,0.46819,0.44308,0.15609,2.86908,2.04359,2.07687,0.000464188,0.000464188,0.000464188
129,3800.27,1.55836,1.21478,1.19097,0.5152,0.46819,0.44308,0.15609,2.86908,2.04359,2.07687,0.000458,0.000458,0.000458
130,3825.27,1.54769,1.2865,1.24082,0.50153,0.45875,0.44396,0.15992,2.8203,2.02146,2.07481,0.000451813,0.000451813,0.000451813
131,3852.23,1.67796,1.30177,1.24366,0.60765,0.49893,0.53866,0.16877,2.79944,2.03311,2.05814,0.000445625,0.000445625,0.000445625
132,3883.09,1.65318,1.22386,1.18612,0.58967,0.4892,0.51411,0.17555,2.80199,2.04714,2.05601,0.000439437,0.000439437,0.000439437
133,3912.77,1.63926,1.22758,1.20092,0.58967,0.4892,0.51411,0.17555,2.80199,2.04714,2.05601,0.00043325,0.00043325,0.00043325
134,3945.14,1.50353,1.22159,1.18791,0.49844,0.48429,0.4803,0.16315,2.84776,2.10171,2.06772,0.000427062,0.000427062,0.000427062
135,3974.95,1.60565,1.24004,1.20759,0.50584,0.45335,0.44478,0.15087,2.92061,2.13187,2.09087,0.000420875,0.000420875,0.000420875
136,4004.44,1.53056,1.17068,1.14919,0.4264,0.47275,0.41729,0.14439,2.95887,2.1159,2.09984,0.000414688,0.000414688,0.000414688
137,4030.96,1.49343,1.18107,1.13591,0.4264,0.47275,0.41729,0.14439,2.95887,2.1159,2.09984,0.0004085,0.0004085,0.0004085
138,4057.33,1.6268,1.24837,1.16989,0.39429,0.49579,0.42381,0.14223,2.98618,2.10712,2.11295,0.000402312,0.000402312,0.000402312
139,4084.89,1.56322,1.18406,1.18515,0.52934,0.40717,0.44777,0.14797,2.97754,2.07088,2.12393,0.000396125,0.000396125,0.000396125
140,4110.36,1.64533,1.24187,1.21578,0.44732,0.46928,0.4556,0.15126,2.9833,2.05653,2.14215,0.000389938,0.000389938,0.000389938
141,4135.32,1.56015,1.12718,1.15762,0.44732,0.46928,0.4556,0.15126,2.9833,2.05653,2.14215,0.00038375,0.00038375,0.00038375
142,4160.74,1.64907,1.2309,1.18382,0.44584,0.46591,0.42189,0.15131,2.98293,2.0741,2.1419,0.000377563,0.000377563,0.000377563
143,4185.85,1.63996,1.27759,1.17242,0.42992,0.45356,0.39592,0.14784,3.02137,2.13381,2.16166,0.000371375,0.000371375,0.000371375
144,4212.28,1.54138,1.18778,1.17898,0.4414,0.40293,0.37428,0.1584,3.07589,2.21114,2.18242,0.000365188,0.000365188,0.000365188
145,4245.45,1.47024,1.1458,1.13269,0.4414,0.40293,0.37428,0.1584,3.07589,2.21114,2.18242,0.000359,0.000359,0.000359
146,4277.21,1.55625,1.20256,1.18045,0.48263,0.39848,0.38139,0.15537,3.10073,2.227,2.18697,0.000352812,0.000352812,0.000352812
147,4306.86,1.44659,1.15095,1.15171,0.47407,0.40108,0.39537,0.15416,3.07614,2.18043,2.16214,0.000346625,0.000346625,0.000346625
148,4333.17,1.60099,1.17706,1.17394,0.52485,0.43322,0.44234,0.15817,3.02286,2.14525,2.11817,0.000340438,0.000340438,0.000340438
149,4362.25,1.5055,1.16219,1.14955,0.52485,0.43322,0.44234,0.15817,3.02286,2.14525,2.11817,0.00033425,0.00033425,0.00033425
150,4390.27,1.58735,1.1736,1.19985,0.57363,0.44215,0.45819,0.16041,3.00011,2.11596,2.11563,0.000328063,0.000328063,0.000328063
151,4417.59,1.54355,1.1552,1.168,0.46299,0.49373,0.4579,0.15667,3.00574,2.11871,2.12842,0.000321875,0.000321875,0.000321875
152,4446.05,1.48524,1.1726,1.16313,0.47932,0.4885,0.44807,0.15508,3.01239,2.1305,2.1225,0.000315687,0.000315687,0.000315687
153,4477.66,1.56485,1.14521,1.15031,0.47932,0.4885,0.44807,0.15508,3.01239,2.1305,2.1225,0.0003095,0.0003095,0.0003095
154,4505.48,1.59102,1.16009,1.17008,0.48829,0.49338,0.45064,0.14565,3.02689,2.13733,2.11926,0.000303313,0.000303313,0.000303313
155,4534.16,1.66107,1.28751,1.2046,0.46288,0.50224,0.4433,0.13733,3.04395,2.1682,2.12662,0.000297125,0.000297125,0.000297125
156,4570.48,1.5864,1.19744,1.19522,0.44709,0.46164,0.40587,0.13739,3.0473,2.16574,2.13985,0.000290937,0.000290937,0.000290937
157,4598.83,1.53433,1.14514,1.13369,0.44709,0.46164,0.40587,0.13739,3.0473,2.16574,2.13985,0.00028475,0.00028475,0.00028475
158,4627.23,1.53668,1.15315,1.16006,0.50825,0.41769,0.42272,0.13146,3.05604,2.12955,2.14929,0.000278562,0.000278562,0.000278562
159,4653.76,1.41343,1.07876,1.13672,0.4091,0.4443,0.38319,0.12612,3.01946,2.11786,2.1433,0.000272375,0.000272375,0.000272375
160,4683.8,1.4059,1.10037,1.11554,0.49661,0.43541,0.44362,0.13951,2.99231,2.0963,2.15005,0.000266187,0.000266187,0.000266187
161,4713.62,1.5602,1.21502,1.19836,0.49661,0.43541,0.44362,0.13951,2.99231,2.0963,2.15005,0.00026,0.00026,0.00026
162,4744.29,1.51268,1.13317,1.13673,0.45765,0.43415,0.40717,0.1357,2.97582,2.08236,2.15259,0.000253812,0.000253812,0.000253812
163,4774.63,1.49784,1.10556,1.14568,0.48029,0.44816,0.3954,0.14001,2.9706,2.07981,2.13623,0.000247625,0.000247625,0.000247625
164,4810.06,1.52961,1.16843,1.20297,0.48425,0.45732,0.39974,0.14894,2.96628,2.10535,2.13129,0.000241438,0.000241438,0.000241438
165,4847.29,1.43034,1.10985,1.12767,0.48425,0.45732,0.39974,0.14894,2.96628,2.10535,2.13129,0.00023525,0.00023525,0.00023525
166,4882.19,1.43921,1.08173,1.11583,0.50035,0.49316,0.44,0.15574,2.97126,2.09992,2.11193,0.000229063,0.000229063,0.000229063
167,4917.46,1.48936,1.13866,1.12918,0.51385,0.50077,0.43912,0.15063,2.9634,2.08571,2.08416,0.000222875,0.000222875,0.000222875
168,4946.14,1.54073,1.12677,1.15529,0.51023,0.49734,0.42974,0.14883,2.94213,2.06946,2.07139,0.000216688,0.000216688,0.000216688
169,4975.42,1.49947,1.11141,1.13277,0.51023,0.49734,0.42974,0.14883,2.94213,2.06946,2.07139,0.0002105,0.0002105,0.0002105
170,5000.82,1.44661,1.09697,1.13329,0.51535,0.49953,0.43685,0.15539,2.93607,2.06729,2.07271,0.000204313,0.000204313,0.000204313
171,5026.37,1.53799,1.2008,1.21254,0.47095,0.49536,0.43432,0.1628,2.94156,2.08532,2.08681,0.000198125,0.000198125,0.000198125
172,5053.08,1.45708,1.0999,1.11638,0.54507,0.50196,0.47738,0.17147,2.94429,2.0839,2.09213,0.000191938,0.000191938,0.000191938
173,5078.35,1.42417,1.09069,1.12714,0.54507,0.50196,0.47738,0.17147,2.94429,2.0839,2.09213,0.00018575,0.00018575,0.00018575
174,5103.9,1.50715,1.1132,1.13826,0.52958,0.49818,0.47857,0.1707,2.96559,2.08108,2.0981,0.000179563,0.000179563,0.000179563
175,5128.12,1.43815,1.12637,1.13323,0.49784,0.45665,0.4225,0.1661,2.96704,2.07632,2.08732,0.000173375,0.000173375,0.000173375
176,5162.12,1.40523,1.06238,1.12554,0.49261,0.43911,0.41987,0.16689,2.97636,2.08087,2.08813,0.000167188,0.000167188,0.000167188
177,5198.21,1.38186,1.0276,1.08068,0.49261,0.43911,0.41987,0.16689,2.97636,2.08087,2.08813,0.000161,0.000161,0.000161
178,5227.05,1.35651,1.05818,1.10418,0.48983,0.442,0.42058,0.16434,2.97094,2.07009,2.09109,0.000154812,0.000154812,0.000154812
179,5255.27,1.44127,1.06232,1.11233,0.49144,0.44669,0.42605,0.1586,2.94762,2.05036,2.08373,0.000148625,0.000148625,0.000148625
180,5283.46,1.36661,1.02811,1.10134,0.5531,0.47068,0.47759,0.16397,2.9356,2.04819,2.08347,0.000142437,0.000142437,0.000142437
181,5308.61,1.42174,1.04632,1.11134,0.5531,0.47068,0.47759,0.16397,2.9356,2.04819,2.08347,0.00013625,0.00013625,0.00013625
182,5337.54,1.38119,1.09947,1.12087,0.56075,0.45932,0.48001,0.16615,2.93245,2.05245,2.09,0.000130062,0.000130062,0.000130062
183,5364.52,1.37885,1.06407,1.10866,0.58272,0.4613,0.48048,0.17877,2.9265,2.06149,2.09126,0.000123875,0.000123875,0.000123875
184,5397.06,1.42389,1.08537,1.12325,0.61578,0.47867,0.49315,0.17905,2.90446,2.04957,2.07354,0.000117687,0.000117687,0.000117687
185,5425.8,1.44372,1.09448,1.14759,0.61578,0.47867,0.49315,0.17905,2.90446,2.04957,2.07354,0.0001115,0.0001115,0.0001115
186,5459.96,1.29537,0.98988,1.05876,0.62541,0.4892,0.51408,0.18078,2.88911,2.03993,2.06186,0.000105312,0.000105312,0.000105312
187,5489.36,1.4299,1.06012,1.11426,0.63494,0.4892,0.51332,0.16928,2.87833,2.02789,2.04359,9.9125e-05,9.9125e-05,9.9125e-05
188,5519.2,1.4634,1.10991,1.14206,0.63727,0.49141,0.51378,0.17037,2.88524,2.02203,2.03925,9.29375e-05,9.29375e-05,9.29375e-05
189,5547.05,1.32451,1.00832,1.07598,0.63727,0.49141,0.51378,0.17037,2.88524,2.02203,2.03925,8.675e-05,8.675e-05,8.675e-05
190,5573.85,1.39788,1.08544,1.09299,0.60929,0.4612,0.46783,0.16591,2.89434,2.01803,2.04021,8.05625e-05,8.05625e-05,8.05625e-05
191,5601.23,1.70574,1.41798,1.27969,0.60213,0.4638,0.47014,0.16085,2.89922,2.02553,2.04408,7.4375e-05,7.4375e-05,7.4375e-05
192,5628.14,1.42986,1.099,1.11799,0.55894,0.42866,0.42055,0.15476,2.91113,2.04455,2.05501,6.81875e-05,6.81875e-05,6.81875e-05
193,5653.99,1.45732,1.20994,1.15526,0.55894,0.42866,0.42055,0.15476,2.91113,2.04455,2.05501,6.2e-05,6.2e-05,6.2e-05
194,5681.29,1.46032,1.12282,1.1166,0.5472,0.45286,0.43748,0.15482,2.92587,2.06202,2.07108,5.58125e-05,5.58125e-05,5.58125e-05
195,5708.06,1.39941,1.11,1.11714,0.5683,0.45286,0.43947,0.15639,2.94511,2.07178,2.08957,4.9625e-05,4.9625e-05,4.9625e-05
196,5734.27,1.53958,1.17798,1.15048,0.5512,0.44004,0.43426,0.15736,2.95502,2.08116,2.09551,4.34375e-05,4.34375e-05,4.34375e-05
197,5762.26,1.3769,1.11866,1.10324,0.5512,0.44004,0.43426,0.15736,2.95502,2.08116,2.09551,3.725e-05,3.725e-05,3.725e-05
198,5788.02,1.53603,1.17794,1.14003,0.55041,0.43911,0.43363,0.15544,2.95245,2.08143,2.10491,3.10625e-05,3.10625e-05,3.10625e-05
199,5815.88,1.23054,0.99054,1.0639,0.44034,0.5196,0.44763,0.15676,2.95844,2.08587,2.10997,2.4875e-05,2.4875e-05,2.4875e-05
200,5839.58,1.46109,1.18415,1.18561,0.45692,0.51765,0.44726,0.15579,2.96721,2.09521,2.1112,1.86875e-05,1.86875e-05,1.86875e-05
